Hope,Townsend,4
Alexis,Preston,68
Indie,Porter,72
Rhett,Ahmed,22
Jolie,Conner,10
Phillip,Becker,54
Laura,Duarte,34
Abdullah,Rice,25
Ada,Burgess,29
Kolton,Hubbard,3
Rosie,Castillo,1
Kai,Cortes,59
Lea,Rice,30
Graham,Mueller,96
Imani,Sawyer,11
Jefferson,Finley,33
Jovie,Guzman,85
Jude,Boyer,40
Chaya,Acosta,10
Jensen,Galindo,67
Corinne,Barry,17
Emery,Hess,14
Kaliyah,Santana,34
Mohamed,Nichols,40
Aliyah,Friedman,42
Darwin,Beltran,65
Kaydence,Finley,48
Calum,Ryan,41
Morgan,Roberts,34
Josiah,Munoz,94
Kehlani,Velez,85
Kareem,Palacios,75
Bria,Cardenas,21
Johnathan,Lucas,7
Phoenix,Good,27
Davian,Molina,60
Alexandria,McMahon,53
Jakob,Adkins,27
Emelia,Palacios,42
Thaddeus,Stevens,79
Katherine,Barber,80
Solomon,Gutierrez,10
Savannah,Bowers,97
